{"cameraMode":{"drawMode":0,"name":"Shaded","section":"Shading Mode"},"sceneLighting":false,"audioPlay":false,"sceneViewState":{"showFog":true,"showMaterialUpdate":false,"showSkybox":true,"showFlares":true,"showImageEffects":true,"showParticleSystems":true},"in2DMode":false,"pivot":{"x":0.0005666017532348633,"y":4.349999904632568,"z":0.0},"rotation":{"x":-0.07058798521757126,"y":0.7513450980186462,"z":-0.651046633720398,"w":-0.08146294206380844},"size":4.54124116897583,"orthographic":false}