{"cameraMode":{"drawMode":0,"name":"Shaded","section":"Shading Mode"},"sceneLighting":false,"audioPlay":false,"sceneViewState":{"showFog":true,"showMaterialUpdate":false,"showSkybox":true,"showFlares":true,"showImageEffects":true,"showParticleSystems":true},"in2DMode":false,"pivot":{"x":-1.432845950126648,"y":1.1809005737304688,"z":-1.2861368656158448},"rotation":{"x":-0.2054915428161621,"y":0.772850751876831,"z":-0.5152315497398377,"w":-0.3082391023635864},"size":3.7914116382598879,"orthographic":false}